standard_nm,food_cd,category,kamis_code,kamis_nm,default_unit,default_amount_g,note
된장,D000010,양념류,212,된장,큰술,18,큰술당 18g
두부(일반),D000201,두부류,611,두부,모,300,1모=300g
두부(순두부),D000201,두부류,611,두부,팩,350,1팩=350g
감자,D000421,채소류,214,감자,개,150,중간크기 1개=150g
호박(애호박),D000311,채소류,232,애호박,개,300,1개=300g
양파,D000291,채소류,227,양파,개,200,중간크기 1개=200g
파(대파),D000281,채소류,231,대파,대,30,1대=30g
고추(청양),D000252,채소류,243,풋고추,개,8,1개=8g
마늘(깐마늘),D000041,채소류,218,마늘,쪽,5,1쪽=5g
마늘(다진),D000041,채소류,218,마늘,큰술,15,큰술당 15g
계란,D000045,난류,111,계란,개,55,중란 1개=55g
쇠고기,D000051,육류,151,쇠고기,g,1,g당
돼지고기(삼겹살),D000061,육류,161,돼지고기,g,1,g당
간장(진간장),D000101,양념류,211,간장,큰술,15,큰술당 15ml×1.15g/ml
고추장,D000102,양념류,213,고추장,큰술,18,큰술당 18g
참기름,D000111,유지류,221,참기름,큰술,14,큰술당 14ml×0.92g/ml
고춧가루,D000121,양념류,215,고춧가루,큰술,8,큰술당 8g
설탕(백설탕),D000131,감미료,,,큰술,12,큰술당 12g
밥(백미),D000141,곡류,,,공기,210,1공기=210g
시금치,D000151,채소류,233,시금치,g,1,g당
콩나물,D000161,채소류,,,g,1,g당
당근,D000171,채소류,228,당근,개,150,중간크기 1개=150g
당면,D000181,곡류,,,g,1,g당
버섯(표고),D000191,버섯류,,,개,20,1개=20g
버섯(느타리),D000192,버섯류,,,g,1,g당
버섯(팽이),D000193,버섯류,,,봉,150,1봉=150g
김치,D000211,가공식품,,,g,1,g당
멸치육수,D000221,육수류,,,ml,1,1ml≈1g
후추(검정),D000231,양념류,,,g,1,g당
소금(정제염),D000241,양념류,,,g,1,g당
