순위,레시피명,재료비(원)
1,풋마늘오징어김치,1
2,매운락교무침,17
3,미역 미소국,56
4,포항초사과샐러드,60
5,우엉들깨무침,68
6,자색고구마찹쌀푸딩,75
7,퀴노아 팥수프,80
8,배물김치,80
9,오이파프리카새콤무침,88
10,콜라비 깍두기,106
11,버섯 리조또,110
12,버섯 리조또,110
13,밤 라떼,115
14,렌틸콩 두유,118
15,오징어보쌈과 저나트륨 된장소스,124
16,저염보쌈김치,125
17,김자반,130
18,무대하무침,132
19,요거트강화순무김치,133
20,파인애플떡갈비,171
21,모둠채소 수제피클,176
22,배 깍두기,184
23,고구마 김치,190
24,새우 완자탕,205
25,양배추 깻잎 피클,208
26,통배추 겉절이,208
27,나박김치,214
28,종이에 싸서 구운 도미(파필로테),215
29,열무톳김치,243
30,톳나물 두부무침,249
31,감자미역국,250
32,만가닥버섯볶음,253
33,홍시에이드,259
34,알파벳 스프,266
35,찰 어묵찜,272
36,무오색쌈,273
37,금태찜,287
38,향향 볶음밥,289
39,브로콜리견과류복음,296
40,버섯 굴소스 볶음,297
41,유부 달걀찜,301
42,수박 화채,301
43,배깍두기,306
44,알록달록 시금치 당근 수제비,306
45,청경채 김치,309
46,감자냉채,317
47,우유 생강차,318
48,바질 고구마 옥수수빵(플렌타),320
49,양상추샐러드 & 과일드레싱,325
50,백일송이버섯 볶음,331
51,된장국,334
52,양파홍초절임,350
53,무염 겉절이,352
54,시금치 우유 소스와 그린매쉬드포테이토,357
55,고구마 빠스,365
56,토마토소스 달걀볶음,372
57,영유아를 위한 고소한 닭꼬치,373
58,전복리조또,377
59,수삼당근정과,383
60,쌀콩죽 요거트,396
61,오징어말이 케첩조림,398
62,수박껍질풋고추볶음,400
63,배추된장국,401
64,마 두부 오징어전,407
65,참나물페스토 파스타,408
66,두부 달걀전,414
67,비름나물겉절이,418
68,고구마순나물,422
69,라이스페이퍼 새우롤,441
70,쑥호두달걀말이,443
71,부추 콩가루 찜,444
72,단호박배추된장국,448
73,소고기찜과 검은콩수제비,450
74,황태미역국,459
75,감자느타리버섯국,462
76,검은콩 스프,462
77,마감자전,463
78,인도식만두구이(사모사),466
79,도라지 검은깨 튀김,467
80,포니언 스프,486
81,톡톡! 오미자 펀치,487
82,유린기,490
83,연근부각,502
84,고구마 공갈빵,502
85,표고버섯 청경채국,506
86,알록달록연근튀김,515
87,배추 달걀볶음,519
88,냉잡채,519
89,홍시 쉐이크,525
90,단감피클,527
91,코울슬로샐러드,531
92,검은콩부추전,535
93,돌나물 샐러드,545
94,시래기리조또,545
95,멸치 찹쌀양념 튀김,552
96,생강향의 고구마 크로켓,557
97,타이거새우 현미볶음밥,558
98,매실동치미,560
99,포도청 보리 수단,564
100,표고버섯쇠고기찜,570
101,겨자 오이고추소박이,570
102,된장냉국,575
103,가지볶음,575
104,가지볶음,575
105,가지나물냉국,580
106,바지락맑은국,580
107,두부양갱,584
108,상추 겉절이,585
109,과일 김치,588
110,양배추롤&참치두부쌈장,591
111,시금치 후무스,594
112,스마일오이피클,594
113,소고기 무국,598
114,두부 튀김 조림,598
115,사과비트에이드,619
116,묵은지 밀푀유나베,620
117,파프리카깍두기(어린이용),625
118,참나물무말이 물김치,630
119,양배추말이 김치,636
120,복숭아 화채,637
121,시금치 리조또,640
122,고추 장떡,642
123,저염 겉절이,647
124,감자 주먹밥,655
125,고구마란,663
126,잡채,668
127,대하마늘볶음밥,682
128,새싹참치김밥,688
129,유부초절임,690
130,유부 만두찜,690
131,마늘 불고기 덮밥,695
132,바나나를 감싼 일본식 달걀말이,696
133,호박만두,696
134,배추관자카나페,700
135,건도토리묵버섯들깨국,700
136,두부해물완자,700
137,닭가슴살청포묵비빔밥,701
138,감자를 곁들인 야채스튜,701
139,석류 보쌈김치,706
140,통도라지양념구이,717
141,케이준 스타일 닭고기 요리,718
142,들깨된장육개장,719
143,두부 채소 볶음밥,731
144,모듬옥수수,739
145,해산물 옥수수 오븐구이,741
146,배·라임 모히또,745
147,바지락 미역국,745
148,잡곡강정,758
149,고구마 경단,776
150,콜라비물김치,782
151,오이 짱아지 무침,785
152,팥죽,787
153,돼지고기 수육 부추부침,787
154,비타 오이 물김치,794
155,비타 오이 물김치,794
156,계란만두&토마토소스,798
157,느타리버섯볶음,806
158,저염 된장으로 맛을 낸 황태해장국,808
159,씨앗죽,809
160,새우아욱죽,814
161,검은콩피시볼조림,817
162,땅콩소스 버섯가지나물,822
163,묵계밥,822
164,부추 배무침,829
165,고구마순들깨나물,830
166,수삼 냉채,831
167,고추잡채,831
168,차가운 당근 수프,834
169,바지락 맑은국,834
170,멸치 누룽지과자,834
171,야채빵,835
172,낫토 시래기 라이스전,835
173,치커리샐러드와 올리브 마늘 소스,837
174,비트무절임,849
175,미역줄기두부무침,851
176,"레몬, 파슬리 빵가루를 입힌 도미",854
177,중국식 바비큐 폭립,854
178,버섯초계탕,855
179,채소롤초밥,870
180,마마무스프,876
181,옥음밥,879
182,불고기 소스를 곁들인 두부구이,894
183,달콤과일깍두기,895
184,두부 깻잎 과자,900
185,두부빼빼로,927
186,배쨈 식빵,930
187,별미병어조림,930
188,잣소스새송이볶음,933
189,꼬막떡꼬치구이,933
190,무말랭이김치,938
191,버섯을 넣은 가지 라자냐,942
192,고추김치,951
193,표고버섯 감자찜,951
194,파프리카 물김치,960
195,잎채소튀김,970
196,펜네 파스타 샐러드,971
197,꽃게바지락찌개,972
198,새우두부만두,972
199,시금치 돼지고기 볶음,978
200,비트양파김치,988
201,잣 호두 강정,990
202,바지락 볶음면,1002
203,마들깨미역국,1004
204,오징어 가라아게&칠리소스,1007
205,치즈두부샐러드,1022
206,매실장아찌와 과매기구이,1025
207,홍시곶감화채,1025
208,봄주먹밥,1035
209,닭가슴살 스테이크,1037
210,서리태 잣국수,1048
211,비트두유,1048
212,토마토 미소 된장국,1049
213,니고랭,1065
214,돼지고기 찹쌀부침,1072
215,밥 샌드위치,1074
216,돼지고기 토마토 두부볶음,1077
217,도토리묵 콩국,1079
218,참기름 드레싱의 즉석 샐러드,1088
219,굴림만두된장국,1091
220,과일 젤리,1093
221,"알록달록화전, 멸치두부전",1094
222,생선까스&타르타르소스,1094
223,토마토오리볶음,1105
224,영양 달걀찜,1119
225,산호두부,1123
226,해산물 샤브샤브,1134
227,오미자저염나박김치,1135
228,순두부 사과 소스 오이무침,1140
229,롤피자,1141
230,버섯순두부찌개,1152
231,참치 쇠고기 양상추 쌈,1156
232,대추닭살리조또,1161
233,오징어채소말이와 치킨양념소스,1161
234,과일퓨레수제함박스테이크,1162
235,콩나물부추볶음,1172
236,감자주스,1173
237,미숫가루 부추전,1176
238,단호박떡볶이,1182
239,닭순대,1185
240,어린이 스시,1187
241,모듬탕수,1190
242,참나물돼지고기샐러드,1197
243,깻잎향을 입힌 관자 샐러드,1200
244,유자 치킨 꿔바로우,1206
245,산나물된장찌개,1209
246,마늘칩 감자샐러드,1209
247,들깨순두부찌개,1211
248,두부튀김&무소스,1219
249,수박즙돼지목심구이,1220
250,콩비지포카치아 샌드위치,1227
251,참나물 매콤함박스테이크,1235
252,곤약냉면,1241
253,얼갈이 무침,1246
254,갈릭칩동태구이,1248
255,일본식 계란말이,1250
256,배추겉절이,1253
257,곤약잡채,1254
258,새우 두부 계란찜,1259
259,양배추 고기말이,1262
260,산나물 유부초밥,1270
261,속채운대저토마토백김치,1275
262,차돌박이구이,1280
263,비트 배추피클,1294
264,단호박생채,1295
265,삼색꼬치구이,1300
266,고구마 타락죽,1307
267,콜리플라워미역국,1308
268,과일삼겹살조림&파채무침,1318
269,연근초무침,1319
270,새우채소 김치롤,1320
271,완자된장국,1321
272,토마토 채소 계란찜,1325
273,나스와 샐러드,1341
274,다시마칩,1346
275,시금치토마토무침,1347
276,닭고기 편육,1349
277,오렌지와 당근 만남주스,1350
278,삼색계란찜,1357
279,단호박견과류샐러드,1359
280,치킨 쇠고기 땅콩소스 꼬치,1369
281,버섯과 두부 비프웰링턴,1372
282,밥스틱,1381
283,밀라노 스타일 포크 커틀렛,1383
284,신호등 통통이(어린이 곤약삼색주먹밥),1388
285,누룽지 피자,1394
286,새우살토마토스튜,1399
287,리코타치즈 카프레제,1400
288,단호박 두부찜,1402
289,떡꼬치구이,1410
290,양지해장국,1422
291,유부완자탕,1423
292,완두콩과 당근을 넣은 감자요거트 샐러드,1424
293,아보카도 수란샐러드,1425
294,두부선과 저나트륨 겨자 간장소스,1435
295,인삼갈비탕,1440
296,김치양배추볶음,1450
297,새우단배추된장국,1452
298,오징어튀김&딸기쨈,1458
299,호두 사과 샐러드,1459
300,두부 새우볼,1459
301,수(Sugaer)다(Down) 고구마 케이크,1466
302,바나나 속 달걀빵,1477
303,대구 크림스튜,1505
304,백태순두부찌개,1506
305,김치 고구마밥,1506
306,생선살 완자 찹쌀 찜,1506
307,새우완자탕,1510
308,자색고구마 호떡,1513
309,치킨 버거 스테이크,1521
310,대추죽,1525
311,꽃설기,1525
312,유자향의 곤약 냉채,1526
313,칠리새우,1532
314,버섯 두유 소스 볶음,1532
315,누룽지상추샐러드&유자드레싱,1545
316,고등어 강정,1552
317,소고기채소불고기,1554
318,새우 속을 채운 리치와 감자튀김,1571
319,둥지튀김,1577
320,포도호두스무디,1578
321,토마토맑은장국,1579
322,버섯구이와 두부타르타르 소스,1593
323,미니 그라탕,1593
324,닭고기 완자삼계죽,1605
325,두부 해산물 꼬치구이,1629
326,포두부채소잡채,1632
327,애호박장떡말이밥,1636
328,해조비빔국수,1639
329,건강 마늘 꿀환,1640
330,해물아란치니,1649
331,시금치들깨무침,1655
332,시금치브로컬리 파스타,1664
333,삼계치킨,1675
334,흑마늘견과류조림,1679
335,채소 팬케익,1679
336,견과류문어떡갈비,1687
337,야채볶음,1690
338,야채칩,1700
339,시래기닭조림,1701
340,토마토카레 채소볶음밥,1703
341,봄옷을 입은 닭,1718
342,돼지갈비 볶음,1725
343,오징어와사비마요무침,1742
344,옥수수감자샐러드,1743
345,오징어불고기김밥,1748
346,찬밥김치달걀찜,1776
347,버섯만두찜,1782
348,새우살을 채운 두부 스프(미네스트로네),1783
349,참치두부 주먹밥,1800
350,현미 고구마 아란치니,1802
351,라비올리 토마토소스,1818
352,쇠고기 채소볶음,1819
353,얌얌 맛있게타,1825
354,레몬등갈비구이,1828
355,다시마전,1829
356,고구마빵&과일잼,1838
357,녹차 파나코타,1841
358,성주참외동치미,1847
359,더덕얼갈이겉절이,1848
360,약밥 닮은 호떡,1855
361,버섯배추말이,1860
362,수박비빔국수와 수박고추장소스,1875
363,사과 새우 북엇국,1882
364,삼색 브레드 스틱,1886
365,팽이버섯 야채볶음,1887
366,연근배추홍시샐러드,1898
367,새우완자찜,1919
368,아보카도 두부 샐러드,1920
369,태국식 불고기 샐러드,1921
370,시금치 배 미음,1923
371,토마토 야채 오븐구이,1939
372,크림소스치킨롤,1940
373,미역 닭가슴살전,1947
374,크랜베리 소보로 떡,1953
375,오렌지 드레싱 타다키 부추샐러드,1965
376,과일겨자채,1966
377,토마토샐러드라면,1969
378,케일 오미자 샐러드,1972
379,"두부구이, 버섯소스",1975
380,망고자몽드레싱 해산물전체,1977
381,쇠고기말이 쌈밥,1981
382,사과소스폭찹,1981
383,토마토콩조림,1988
384,치자연근물김치,1996
385,오븐에 구운 또띠아 칩과 아보카도 딥,1996
386,버섯곤드레밥,2004
387,간장곤약볶음국수,2009
388,해물애호박 전병말이,2015
389,단호박두부팬케이크,2016
390,오징어순대,2020
391,토마토소스닭갈비,2025
392,고구마라떼,2025
393,이태리튀밥,2025
394,고등어구이,2026
395,고등어된장구이,2037
396,황금팽이 비빔국수,2040
397,방울토마토 소박이,2050
398,깻잎애호박찜,2050
399,발사믹으로 양념한 채소요리,2051
400,퓨전떡갈비,2051
401,들깨 곤약 냉채,2057
402,사과와 양파를 곁들인 돼지등심 요리,2081
403,수퍼 브리또,2086
404,구운 닭고기 샐러드와 저나트륨 과일 드레싱,2089
405,저염된장 삼치구이,2101
406,찬밥이용닭죽,2102
407,두부곤약파스타,2105
408,부추조개살 콩비지조림,2119
409,근대쌈밥과 멸치견과류쌈장,2120
410,미역소스와 타르타르,2122
411,서양식 씨리얼(뮤즐리),2126
412,감말랭이 찰빵,2133
413,영양밥,2161
414,황태포당면국수,2169
415,조개크림파스타,2179
416,꽁치 양념구이,2200
417,생선 파피요트,2201
418,돈불고기 파인애플볶음,2202
419,시저 샐러드,2204
420,현미 크레이프,2205
421,참깨가지말이밥,2213
422,토마토시금치 닭볶음탕,2213
423,건강그린 샐러드와 고소한 두유드레싱,2214
424,단호박 경단,2230
425,물파래콩전,2239
426,한우굴라쉬,2248
427,얼큰 콩나물 수제비,2250
428,매실입은가지닭볶음탕,2259
429,"제주도 빙떡, 귤간장소스",2260
430,들깨칼국수,2270
431,토마토 비빔국수,2295
432,애호박들깨볶음,2300
433,호박잎 삼계탕,2310
434,바다완자탕,2310
435,채소말이와 고구마가지구이,2318
436,두부곤약조림,2318
437,오리들깨 겨자소스 초무침,2323
438,민어매운탕,2345
439,양송이버섯 달걀 크레페,2355
440,닭곰탕,2359
441,로제파스타,2364
442,호박 고구마 스프,2368
443,삼색 꽃 화전,2376
444,토마토 가지 카프레제,2380
445,두가지묵샐러드,2386
446,알콩달콩전,2390
447,달래두부김치무침,2391
448,돼지 함초 덮밥,2393
449,애호박 순대,2398
450,새우 카레 빠에야,2400
451,매운요거트 토마토샐러드,2400
452,인절미 무스와 수정과 아이스크림,2407
453,고구마 바나나 무스,2429
454,양배추감자전,2437
455,다마고도후,2442
456,산마드래싱과 실곤약 샐러드,2442
457,꽁치채소말이,2450
458,미역 물오징어 연두부 초회,2453
459,라따뚜이,2455
460,유자샐러드라면,2470
461,컬리플라워소스 광어스테이크,2474
462,함초타락죽,2480
463,봄나물주먹밥,2492
464,"돈수육, 해물냉채",2494
465,오이냉국을 곁들인 오색쌈밥,2494
466,토마토두루치기,2499
467,참치 두부 함박스테이크,2503
468,감귤콩샐러드,2506
469,버섯 들깨탕,2511
470,감자 팬케익,2512
471,견과류들깨해장탕,2516
472,냉파스타,2520
473,깻잎퓌레를 곁들인 삼치새우,2524
474,표고크림파스타,2530
475,초계탕,2537
476,고기완두조림,2539
477,배추만두탕,2544
478,버섯 참치 무른밥,2549
479,브로콜리스프,2560
480,콩 판나코타,2561
481,에멘탈 치즈 퐁듀,2562
482,단호박 양파잼 샌드위치,2565
483,카레소스를 얹은 두부 스테이크,2574
484,아욱 된장무침,2575
485,토마토요구르트된장국,2599
486,흑임자 두부국,2607
487,블루베리양갱,2608
488,야채 과일 돌구이,2608
489,오징어콩순대,2609
490,바나나미숫가루쉐이크,2615
491,닭고기스테이크,2616
492,간편조기찜,2621
493,단호박 양고기볶음,2625
494,산채쌀파스타,2632
495,바지락실곤약파스타,2634
496,연어냉채,2647
497,두부말이찜,2656
498,닭가슴살호두크로켓,2660
499,곤약 감자조림,2666
500,쇠고기표고찜,2673
501,우무오미자냉화채,2680
502,곤약백김치말이,2686
503,강황고구마밥,2691
504,송이 미역국,2698
505,울금해초밥,2700
506,자색고구마호떡,2701
507,두부달걀덮밥,2702
508,호박잎삼계,2705
509,삼계치킨롤,2705
510,김치떡,2707
511,두부 샌드위치,2723
512,나가사키부대찌개,2725
513,골뱅이무침,2727
514,바지락가자미완탕국,2734
515,매실소스를 곁들인 돼지고기만두,2743
516,돼지고기 숙주덮밥,2745
517,부대된장찌개,2756
518,닭가슴살 두부선,2760
519,아보카도 연어샐러드,2787
520,콜라비오미자 물김치,2800
521,닭고기월남쌈,2829
522,파인애플볶음밥,2829
523,함박스테이크&토마토카레소스,2838
524,된장숙성저수분수육,2841
525,유부 우엉 잡채,2848
526,된장시금치옹심이,2855
527,카레탄두리치킨과 닭가슴살냉채,2875
528,오이초절임,2875
529,퀴노아닭가슴살샐러드,2879
530,시금치 볶음 쌀국수,2886
531,두유 라이크 파스타,2913
532,과일 파이,2919
533,근채류주먹밥,2925
534,어묵 잡채,2952
535,두부스테이크,2971
536,두부청국장죽,2997
537,삼삼한 롤,3000
538,크랜베리 샤브레 쿠키,3002
539,미니 떡갈비,3002
540,홍시 생밤 무침,3005
541,닭가슴살 브로콜리 만두,3009
542,검은콩보리된장찌개,3020
543,크림카레소스를 곁들인 함초두부스테이크,3028
544,양파토마토스튜,3030
545,카레삼겹살 파니니,3031
546,새송이등갈비,3036
547,두부티라미수,3037
548,더덕비트물김치,3050
549,꽃밥,3050
550,오리고기곰피쌈,3061
551,콩고기샐러드,3061
552,양배추롤,3065
553,도라지 유자청생채,3068
554,상큼하자두,3072
555,딸기소스닭가슴살채소무침,3074
556,삼색소면,3084
557,자두 라떼,3085
558,뿌리채소들깨수제비,3096
559,삼겹살라면,3099
560,가지토마토구이,3106
561,섭산삼,3145
562,사과 포도주스 조림,3148
563,미역볶음밥,3150
564,닭고기볶음밥,3150
565,토마토돼지고기해장국,3160
566,레몬 들깨 소스를 품은 떡꼬치,3160
567,브로컬리 단호박스프와 완두콩퓨레,3174
568,카레닭 룰라이드,3178
569,삼색묵냉국,3180
570,토마토제철나물 샐러드,3186
571,쑥갓부대찌개,3191
572,된장크림소스 잡곡 오므라이스,3200
573,딸기연두부쉐이크,3215
574,닭가슴살말이,3233
575,바지락매생이전,3238
576,케첩 완자,3242
577,누룽지과자,3247
578,해물김치찌개,3258
579,복분자소스를 곁들인 닭테린,3262
580,주꾸미돌나물무침,3281
581,라비올리 크림소스,3340
582,단호박 두부 포타주,3358
583,탕평채,3370
584,커리향이 들어간 치킨샐러드 샌드위치,3384
585,사과장아찌,3400
586,귀리죽,3408
587,스테이크카나페,3411
588,채소초밥,3420
589,아보카도 달걀 샌드위치,3424
590,아삭,3450
591,허브닭스테이크,3465
592,견과편수,3483
593,연두부 무순 냉국,3491
594,민들레 샐러드,3505
595,"연근샐러드, 흑임자소스",3508
596,치즈 두부 튀김,3510
597,"삼치튀김, 타르타르소스",3512
598,낙지모듬초말이,3533
599,단호박함박스테이크,3535
600,"삼색나물, 토마토양념장",3538
601,헝가리안 폭찹,3549
602,녹차귀리라떼,3550
603,"소고기 가라아게, 칠리소스",3576
604,감닭떡갈비,3576
605,깻잎단호박튀김,3582
606,콩국물소스를 곁들인 게살 냉채,3588
607,과일 요구르트 샐러드,3592
608,샤브된장국,3596
609,치즈토마토 가지구이,3600
610,과일 주스 조림,3619
611,파프리카볶음밥,3655
612,조기까스,3657
613,코마레티,3665
614,해산물두부샌드,3672
615,실곤약팟타야,3676
616,카레감자전,3678
617,샌드스테이크,3702
618,냉토마토파스타,3715
619,돼지머리수육맑은전골,3716
620,효종갱(曉鍾羹),3752
621,메밀면 샐러드,3759
622,갯벌의 여왕 모시조개의 달콤한 유혹,3766
623,닭고기 바비큐,3818
624,브로콜리 컬리플라워 샐러드와 두유 요거트 소스,3824
625,닭가슴살리조또,3825
626,닭가슴살스튜,3832
627,간장아귀찜,3874
628,블루베리냉스프,3916
629,단호박전,3922
630,청국장 두부 검은깨 냉스프,3927
631,토마토덮밥,3931
632,닭고기파스타,3933
633,구운 바나나,3935
634,청국장 시래기전,3955
635,미니버거,3956
636,관자버터구이,3967
637,새우게살 파프리카롤,3970
638,초계샐러드,3975
639,아시아식 채소 두부 볶음,4031
640,클럽 샌드위치,4033
641,브로콜리 쇠고기 볶음,4041
642,코코넛 수플레 치즈케이크,4083
643,가지겉절이,4116
644,망고무스케이크와 마카롱,4142
645,칠곡석류국수,4152
646,오이 소르베,4160
647,닭고기라이스롤,4188
648,미역 조랭이 떡국,4212
649,소안심 야채 호박잎쌈,4227
650,한식풍닭가슴살스테이크,4248
651,단호박 스프,4248
652,고사리파전&단감전,4262
653,삼겹선,4279
654,닭갈비볶음면,4290
655,두릅부추 소고기말이,4297
656,쌈밥,4299
657,등심 배구이,4302
658,햄버거스테이크,4304
659,갈치고추장구이,4304
660,코코넛밀크카레,4308
661,오징어구이,4319
662,양배추 쌈말이,4367
663,스트로베리 샐러드,4382
664,파프리카더덕소고기깻잎롤,4385
665,라면월남쌈튀김,4402
666,새싹 비빔밥,4407
667,함초김치,4431
668,머위향 통밀푸실리,4434
669,봄나물밥,4441
670,참치비빔밥롤,4454
671,오미자 샹그리아,4465
672,고구마치즈크로켓,4476
673,구운주먹밥,4482
674,구운 주먹밥,4482
675,과일겉절이,4488
676,홍합 배춧국,4518
677,설렁탕쑥떡볶이,4546
678,삼색채소 냉파스타,4556
679,곤약 백김치 말이,4571
680,과일 피클 젤리,4599
681,연어주먹밥튀김,4602
682,소고기 김말이,4604
683,치킨완자스프,4628
684,오색볶음면,4667
685,맑은부대찌개,4676
686,렌틸콩 크레이프,4680
687,오징어토마토초무침,4743
688,유자 대구조림,4762
689,토마토소스 애호박냉파스타,4770
690,해물순두부된장찌개,4776
691,양배추롤,4778
692,생과일과가자미까나페,4785
693,마늘드레싱을 곁들인 키위샐러드,4798
694,닭고기 찰깨빵,4799
695,구기자모듬장조림,4828
696,수삼매운닭찜,4829
697,깻잎장아찌롤,4842
698,계만두,4847
699,낙지 잣소스 냉채,4885
700,실치오이 초절임,4894
701,라이스페이퍼 야채롤,4915
702,두부채소샐러드,4941
703,봄주먹밥,4955
704,먹골배 카레주먹밥,4956
705,녹차와 대추밀전병,4980
706,살레마이슈,4980
707,인삼닭살찜,4980
708,황태두부무국,5011
709,땅콩호박 타르트,5028
710,맥적구이,5039
711,삼합잡채,5043
712,북어비빔밥,5043
713,매생이조랭이떡국,5065
714,낙지강회,5069
715,새뱅이찌개,5071
716,달코미 고구마 타르트,5077
717,홍합 쌀옹심이국,5081
718,삼색샐러드와두부구이,5087
719,양송이크림볶음밥,5093
720,계란숙샐러드,5105
721,효도강정,5123
722,배추토란국,5126
723,과카몰리 갈치구이,5128
724,세가지샐러드,5137
725,고구마바나나샐러드,5152
726,소고기육전과 전복내장소스,5162
727,굴 두부 국,5163
728,새콤한연어샐러드,5212
729,쇠고기와 검은콩 요리,5230
730,토마토주스를곁들인컵토마토,5245
731,웰빙카레죽,5253
732,참깨흑임 자연두부샐러드,5273
733,소고기 들깨 알토란탕,5273
734,실곤약냉파스타,5286
735,새우채소꼬치구이,5297
736,곤약함박스테이크,5319
737,홍합죽,5319
738,들깨삼겹살과 참외쌈장,5330
739,간편콩국수,5332
740,사과 견과류 식빵,5379
741,쇠고기 감자찜,5410
742,가지라따뚜이,5411
743,양배추버섯말이,5426
744,대하조림,5445
745,토마토스프파스타,5494
746,카스텔라케이크와 해독주스,5524
747,깻잎장아찌롤,5525
748,단호박푸딩,5546
749,토마토젤리,5558
750,떡갈비콩나물밥,5617
751,단호박 마전,5626
752,닭봉주먹밥,5627
753,해물볶음밥,5627
754,양송이구이,5637
755,전복죽,5645
756,간장소스를 곁들인 새우전복찜,5667
757,라이스버거떡갈비,5680
758,초계탕과 사색곤약,5685
759,깐풍주먹밥,5696
760,토마토라면,5709
761,견과류통삼겹살찜,5728
762,찹쌀 흰살 생선찜,5739
763,저염 동치미,5780
764,치즈리조또,5793
765,해산물샐러드와 미나리소스,5817
766,삼색소고기만두,5822
767,오렌지마리네이드 돼지고기,5838
768,유자등갈비구이,5845
769,청국장지짐 케일쌈밥,5864
770,타콤소스닭조림,5879
771,원소병,5881
772,완두콩 스프,5932
773,삼계선,5939
774,토마토김치,5951
775,닭고기채소스파게티,5962
776,생선베이컨말이,5964
777,멜론스프,5972
778,미니함박스테이크,6035
779,까르보나라뇨끼,6076
780,함박스테이크 볼 밥,6099
781,홍시잼 식빵,6110
782,관자브로콜리스프,6119
783,채소비빔밥,6139
784,단구마 무스 샌드 케이크,6153
785,맛간장삼치구이,6156
786,낙지묵은지콩나물국,6166
787,발사믹과 로즈마리로 향을 낸 오븐구이 야채,6174
788,빵 대신 어묵 사라다,6185
789,코코넛워터 토마토카레,6188
790,해물칼국수,6190
791,토마토를 곁들인 마늘밥,6195
792,숙주라면,6219
793,닭가슴살카나페,6243
794,문어핫바,6257
795,청국장볶음밥,6262
796,연근고구마샌드위치,6325
797,완자김치찌개,6327
798,세 가지곡물콩라미수,6342
799,매생이찰범벅,6356
800,유자삼치구이,6358
801,김말이두부스테이크,6359
802,매운닭날개구이,6404
803,삼색딤섬,6420
804,묵은지비프롤,6436
805,음메꼬꼬돌돌,6441
806,두부 카프리제,6463
807,황태볶음면,6481
808,오! 푸룻한 뿌리채소,6483
809,현미 입은 미트볼,6488
810,L..A갈비구이,6498
811,떡순이 두부쌈,6508
812,단호박 된장매쉬와 해물굴림만두,6543
813,주꾸미보양샐러드,6548
814,토마토 채소 가지롤,6590
815,연두부 토마토,6613
816,단호박제육볶음,6712
817,로제소스라면,6719
818,두부있슈,6726
819,연두부 카프레제,6763
820,명란프리타타,6786
821,불고기미니볼,6816
822,버섯소스를 곁들인 돼지 등심 스테이크,6833
823,함초삼겹,6858
824,해산물누들볶음,6858
825,버섯콩불고기,6878
826,훈제오리가슴살 샐러드,6914
827,차돌박이볶음,6927
828,크림치즈떡볶이,6960
829,인삼떡갈비,6965
830,꽃게볶음,6969
831,소고기볼게살타르,6984
832,두부까나페,7001
833,과일무스 테린,7003
834,낙지볶음면,7007
835,미나리버섯고기말이&산채소스,7010
836,맑은육개장,7074
837,관자해장국,7099
838,검은깨라면크로켓,7106
839,참나물 소보로덮밥,7110
840,아몬드치킨볼,7139
841,담양식떡갈비&야채쌈,7170
842,떡갈비주먹밥,7203
843,삼겹가지볶음,7218
844,꽃게살국,7220
845,레몬크림콩다식,7240
846,감태샐러드말이와 버섯말이깐풍,7258
847,완두콩 롤,7324
848,콩가루 고구마 타르트,7372
849,대구지리탕,7403
850,닭고기또띠아,7461
851,삼겹살꼬치구이,7470
852,비트 단호박 파스타,7478
853,동글동글도넛,7496
854,초코바나나 두부크림빵,7506
855,양송이버섯과 포도주스를 가미한 등심구이,7529
856,단호박소고기롤,7534
857,와사비 연어초밥,7545
858,가지 탕수육,7609
859,연어차우더스프,7612
860,삼겹살부추찜,7616
861,룰룰랄라,7621
862,닭가슴살샌드스테이크,7655
863,꼬막 달래 된장 무침,7664
864,삼색 버터롤,7689
865,낙지브로콜리볶음,7705
866,멸치 전복 저염국수,7735
867,구운채소와 간장레몬 소스,7824
868,감귤 김치,7862
869,과일 샐러드 또띠아,7864
870,지중해 소스를 곁들인 도미스테이크,7965
871,통삼겹스테이크,7985
872,롤 삼계탕,8048
873,떡완자조림,8069
874,들깨곤약수제비,8090
875,생선찜 채소말이,8096
876,돼지고기 포두부 파스타,8118
877,백김치콩비지찌개,8138
878,고구마두부스테이크,8168
879,함초 냉이 국수,8220
880,베이컨 가지 말이,8263
881,주꾸미샐러드,8276
882,가지말이샐러드,8297
883,참깨 오렌지 쇠고기,8324
884,해물토마토김치찌개,8335
885,노른자크림 육회샐러드,8340
886,코다리 뿌리채소 들깨탕,8363
887,블랙빈 곤약국수,8366
888,곶감 베이글,8368
889,펌킨크로켓,8374
890,돼지수육맑은전골,8423
891,잡곡강정밥,8447
892,복숭아샤벳,8459
893,함박스테이크,8469
894,곤드레 밥버거,8481
895,리코타소스 연어샐러드,8535
896,강황 투움바 파스타,8564
897,카레크림 두부면 파스타,8580
898,들깨죽,8652
899,단호박 새우찜,8662
900,비트와 호두 요리,8670
901,소금없는 초밥,8755
902,훈제오리가슴살크러스트,8761
903,해산물리조또,8803
904,시금치크림치즈 빵,8836
905,호박 프리타타,8838
906,과일갈비찜,8877
907,머스터드튤립치킨,8879
908,코다리맑은탕,8913
909,건강가지말이+참깨마요소스,8951
910,과일 먹은 닭탕수,8960
911,두릅 샐러드,8980
912,먹물소스를 곁들인 토마토피클,9009
913,취나물들깨무침,9019
914,바나나 쑥두부푸딩,9137
915,골뱅이과일무침,9138
916,열무김치파스타,9184
917,뿌리채소두부선,9238
918,소고기꼬치구이,9247
919,생과일 타르트,9250
920,식혜 팥빙수,9272
921,떡갈비찜,9308
922,소고기리조또롤,9366
923,냉머위들깨나물,9371
924,무 현미밥,9448
925,닭가슴살 채소쌈,9457
926,스테이크 샐러드,9468
927,라이스페이퍼 수제소시지,9540
928,황태리조또,9577
929,백김치닭살샐러드,9585
930,"단호박 생선탕수, 키위소스",9622
931,바나나 스틱,9625
932,두부 비빔호박쌈,9661
933,수삼떡갈비,9713
934,한입꼬치구이,9770
935,참외지 리코타버무리,9832
936,체리젤리를 곁들인 고구마무스,9854
937,겨자소스를 곁들인 새우롤과 전복샐러드,9858
938,가지볶음밥,9912
939,우렁된장소스 배추롤,10028
940,그린커리,10107
941,크림치즈 망고무스,10231
942,해산물 훈제연어롤,10256
943,유자애(愛) 빠지다,10275
944,두유 크림 현미리소토,10278
945,단호박 호밀빵,10344
946,장어조림,10359
947,바질향이 향긋한 고구마 찰 바케트,10407
948,토마토채소스프와 연어소바찜,10408
949,열무곤약국수,10456
950,비름나물 된장무침,10611
951,황태미역 곤약스프,10637
952,바다향이 풍부한 전복죽,10645
953,버섯리조또,10669
954,주꾸미보리죽,10777
955,고추장 라따뚜이,10809
956,미옹 카레,10911
957,연어롤샐러드,10923
958,야채찜을 곁들인 광어스테이크,10933
959,연어허브스테이크,11031
960,닭고기김치찌개,11060
961,논우렁순무섞박지,11064
962,새우보리죽 고등어스테이크,11065
963,생선카레튀김,11116
964,콩가루 쑥 다쿠아즈,11139
965,미니밥버거,11241
966,아귀나가사키조림,11275
967,요거트 단호박 샐러드,11299
968,병아리콩 컵케이크,11342
969,미역전복죽,11369
970,토마토떡볶이,11436
971,크림닭,11492
972,훈제연어롤,11501
973,방울토마토를 곁들인 너비아니구이와 쌈밥,11563
974,두부크림 관자뇨키,11615
975,삼계부대찌개,11736
976,누룽지 요거트 파르페,11738
977,오징어김치찌개,11949
978,꽃게강정,12111
979,맛살 미역줄기전,12124
980,봄날의 연못,12145
981,장어수육구이,12312
982,삼색샌드위치,12352
983,바나나 생강 크림이 들어간 미숫가루 쿠키슈,12391
984,해물우동볶음,12412
985,통삼겹맥적구이,12497
986,단호박닭꼬치,12503
987,세 가지 맛 공기과자,12509
988,겨자아욱쌈밥,12531
989,들깨 삼계면,12666
990,낙전새 카레볶음밥,12782
991,목살스테이크,12825
992,함초떡갈비,12901
993,주꾸미머리순대,12916
994,두부된장무침,12932
995,소고기채소볶음,12939
996,단호박약식,12963
997,카레가자미조림,13034
998,전복내장밥,13100
999,발사믹소스를 곁들인 오리스테이크,13242
1000,삼색 머핀,13259
1001,버터치킨카레,13278
1002,해초갈비찜,13328
1003,고등어카레탕수,13352
1004,코다리맑은찜,13524
1005,밥핫도그,13697
1006,효종갱,13724
1007,토마토소고기장조림,13763
1008,가지연어구이,13826
1009,미숫가루 스콘,13830
1010,땅콩 밀푀유 샌드,13833
1011,토마토소고기찜,13836
1012,연어스테이크,13874
1013,당 떨어진 마들렌,14168
1014,새우와스테이크,14187
1015,단호박피자,14306
1016,장어찜,14433
1017,깻잎 쌈두부 라자냐,14437
1018,채소 프리타타,14472
1019,단호박크림파스타,14507
1020,크렌베리귀리밥,14528
1021,미나리명태찜,14531
1022,초코타르트,14640
1023,된장 두부찌개,14651
1024,비타민이유식,14702
1025,고구마 찰 빵,14795
1026,백김치주꾸미샐러드,14884
1027,떡갈비통치미국수,14967
1028,청국장소스 연어 스테이크,14982
1029,묵은지고등어와 새우말이꼬치,15039
1030,주꾸미연포탕,15151
1031,닭가슴살현미스테이크,15276
1032,단호박리조또,15547
1033,광어스테이크,15599
1034,꽈리고추 닭강정,15605
1035,배차와 주악,15610
1036,두유 마 떡갈비,15900
1037,떡갈비와 미니잡곡밥,15900
1038,오렌지삼겹찜,15987
1039,누룽지새우튀김,16008
1040,누룽닭,16084
1041,방아잎 닭고기말이,16115
1042,연어샐러드,16156
1043,견과류 미숫가루 빵,16192
1044,식혜양갱과 수박증편,16242
1045,삼각김밥 빵,16367
1046,연어오븐구이,16441
1047,콩가루비빔밥,16503
1048,단호박떡갈비,16524
1049,겨자소스로 구운 산마샐러드,16635
1050,다이어트국수,16938
1051,머쉬룸 닭스테이크,17099
1052,세 가지 미니 에피타이저,17450
1053,레몬연어 파피요트,17460
1054,해물들깨탕,17773
1055,단호박 라타투이,17840
1056,클로－바,17993
1057,함초소고기말이,18031
1058,단호박치즈스틱,18062
1059,쪽갈비구이,18161
1060,참외깍두기,18307
1061,두부샐러드 메밀김밥,18552
1062,전복영양밥과 부추양념장,18877
1063,리코타치즈돈가스,18912
1064,미니버섯탕수,18992
1065,검은콩국수,19134
1066,호박죽,19310
1067,웰빙꼬치,19568
1068,장어구이,19871
1069,연어비트 절임샐러드,19894
1070,등심채소롤,20089
1071,곤약 가스,20188
1072,당근&그릭요거트 케이크,20235
1073,황태탕수육,20506
1074,토란순두부찌개,20893
1075,베이컨밀푀유,21665
1076,해산물 완자볼을 곁들인 양장피 콩국수,22164
1077,자색고구마 버터크림 빵,22414
1078,배숙구이,22511
1079,카카오 깜빠뉴,22547
1080,토마토 해물누룽지탕,22864
1081,불고기덮밥,23579
1082,콩가루 소보로,23660
1083,모듬해물찜,23814
1084,골뱅이무침과 삼겹살수육,23985
1085,매생이순두부탕,24552
1086,묵은지가지말이,24652
1087,와인배숙,25080
1088,고등어 라따뚜이 파스타,25109
1089,버섯탕수,25702
1090,바비큐리조또,25721
1091,둥지튀김,25910
1092,치즈감자크로켓,26711
1093,바나나크림파스타,26775
1094,달콤스테이크,27163
1095,콩감태유자 스콘,27658
1096,닭강정,28372
1097,치아바타 피자빵,28475
1098,단호박몽블랑,29155
1099,샐러드돈가스,29285
1100,채소어묵,29595
1101,웰빙스테이크,29967
1102,안심스테이크,30265
1103,어린잎채소 건두부말이,30285
1104,깐풍파스타,30303
1105,순창 고추장 두부강정,30502
1106,닭날개튀김,30706
1107,밥크로켓,30981
1108,밀푀유 채소 웰링턴,32347
1109,초코치즈크림케이크,34155
1110,돼지고기말이튀김,34920
1111,닭봉 로제스튜,35194
1112,망고샐러드,35468
1113,컵밥,36530
1114,검은콩 크림빵,43321
1115,족발수육,48111
1116,속이 든든든한 밥 빵,54778
1117,치즈 단호박,64229
1118,단호박크림을 곁들인 브로콜리 베이글,71685
